{"cameraMode":{"drawMode":0,"name":"Shaded","section":"Shading Mode"},"sceneLighting":false,"audioPlay":false,"sceneViewState":{"m_AlwaysRefresh":false,"showFog":true,"showSkybox":false,"showFlares":true,"showImageEffects":true,"showParticleSystems":true,"showVisualEffectGraphs":true,"m_FxEnabled":true},"in2DMode":false,"pivot":{"x":1.1848849058151246,"y":-0.025165438652038575,"z":0.40510010719299319},"rotation":{"x":-0.04141821339726448,"y":0.9297921061515808,"z":-0.3487120270729065,"w":-0.11041195690631867},"size":1.4150971174240113,"orthographic":false}