{"cameraMode":{"drawMode":0,"name":"Shaded","section":"Shading Mode"},"sceneLighting":true,"audioPlay":false,"sceneViewState":{"m_AlwaysRefresh":false,"showFog":true,"showSkybox":true,"showFlares":true,"showImageEffects":true,"showParticleSystems":true,"showVisualEffectGraphs":true,"m_FxEnabled":true},"in2DMode":false,"pivot":{"x":-2.3893487453460695,"y":0.8672592043876648,"z":1.3038628101348878},"rotation":{"x":0.0612492561340332,"y":-0.6146658658981323,"z":0.04819193482398987,"w":0.785165548324585},"size":2.8394646644592287,"orthographic":false}